{"train_loss":4.927011521809409,"val_loss":10.013199623691978,"learning_rate":0.00026167381651368053,"_timestamp":1.745108907355011e+09,"_runtime":298.2603661,"_wandb":{"runtime":298},"_step":991,"epoch":991}