{"train_loss":0.4063301384449005,"val_loss":0.4463874101638794,"learning_rate":2.44140625e-07,"_timestamp":1.7446747762517712e+09,"_runtime":163.7895065,"_step":700,"_wandb":{"runtime":163},"epoch":700}