{"epoch":111,"train_loss":5.7257887840271,"val_loss":13.314945793151855,"learning_rate":0.0008100000000000001,"_timestamp":1.744907506798235e+09,"_runtime":161.6309743,"_step":111,"_wandb":{"runtime":161}}