{"epoch":225,"train_loss":7.207689641195051,"val_loss":12.091192551206744,"learning_rate":0.00059049,"_wandb":{"runtime":187},"_timestamp":1.7449546203909044e+09,"_runtime":187.9730649,"_step":225}