{"epoch":1114,"train_loss":14.533038613898903,"_wandb":{"runtime":897},"val_loss":20.001618389877976,"learning_rate":0.005,"_timestamp":1.7452175725584958e+09,"_runtime":788.5588856,"_step":1114}