{"_wandb":{"runtime":194},"_step":395,"epoch":395,"train_loss":5.205090420097825,"val_loss":12.944143915860847,"learning_rate":0.0011438396227480508,"_timestamp":1.7451084622642884e+09,"_runtime":194.9815604}