{"learning_rate":0.0008100000000000001,"_timestamp":1.7448766319618149e+09,"_runtime":15.4701303,"_wandb":{"runtime":15},"_step":86,"epoch":86,"train_loss":10.483974170684814,"val_loss":10.098722457885742}