{"_step":133,"epoch":133,"train_loss":6.642938759908722,"val_loss":13.792723308910023,"learning_rate":0.0008100000000000001,"_wandb":{"runtime":1697},"_timestamp":1.7449245072785506e+09,"_runtime":1696.8610222}