{"epoch":212,"train_loss":16.491620013588353,"_wandb":{"runtime":141},"val_loss":19.75527516050202,"learning_rate":0.005,"_timestamp":1.745274193503116e+09,"_runtime":139.0493645,"_step":212}