{"_wandb":{"runtime":33},"val_loss":3.3642942905426025,"learning_rate":0.000625,"_timestamp":1.744669186013969e+09,"_runtime":33.1172291,"_step":105,"epoch":105,"train_loss":3.0960111220677695}