{"learning_rate":0.001569052980450001,"_timestamp":1.745104229858578e+09,"_runtime":77.592733,"_step":403,"epoch":403,"train_loss":7.971273280787126,"val_loss":9.065960541866612,"_wandb":{"runtime":77}}