{"_runtime":134.2250247,"_step":105,"epoch":105,"train_loss":13.251369285583497,"val_loss":19.132884979248047,"learning_rate":0.000531441,"_wandb":{"runtime":134},"_timestamp":1.7448721661308088e+09}