{"learning_rate":0.0002355064348623125,"_timestamp":1.745194074839585e+09,"_runtime":275.3855113,"_step":999,"epoch":999,"train_loss":3.0816561377219607,"_wandb":{"runtime":275},"val_loss":10.166386654502467}