{"learning_rate":4.8828125e-06,"_timestamp":1.7441451208609002e+09,"_runtime":14.2195662,"_wandb":{"runtime":14},"_step":85,"epoch":85,"train_loss":15.890097427368165,"val_loss":19.710329055786133}