{"train_loss":0.6164713700612386,"val_loss":0.6150270303090414,"learning_rate":1.52587890625e-08,"_timestamp":1.7446741114785664e+09,"_runtime":307.8344272,"_step":906,"_wandb":{"runtime":307},"epoch":906}