{"train_loss":13.505076503753662,"val_loss":17.367068481445312,"learning_rate":9.765625e-07,"_timestamp":1.7448714942524385e+09,"_wandb":{"runtime":140},"_runtime":140.4665489,"_step":101,"epoch":101}