{"_timestamp":1.7451928993685358e+09,"_runtime":5.1277116,"_wandb":{"runtime":8},"_step":1,"epoch":1,"train_loss":27.373512240688196,"val_loss":24.276283337168717,"learning_rate":0.005}