{"val_loss":18.414398193359375,"learning_rate":0.00125,"_timestamp":1.74407595888286e+09,"_runtime":11.8583673,"_step":39,"epoch":39,"_wandb":{"runtime":11},"train_loss":19.41803789138794}