{"_runtime":56.1250619,"_step":160,"epoch":160,"train_loss":5.460994113575328,"val_loss":11.352554859727194,"learning_rate":0.000729,"_timestamp":1.744950710905212e+09,"_wandb":{"runtime":56}}