{"_runtime":1920.0520902,"_wandb":{"runtime":1965},"_step":3727,"epoch":3727,"train_loss":13.378945962093663,"val_loss":18.46072825746673,"learning_rate":0.005,"_timestamp":1.7452211138402312e+09}