{"_step":551,"epoch":551,"train_loss":2.3244615395863852,"val_loss":2.3635005950927734,"learning_rate":1.220703125e-07,"_timestamp":1.7446744743077772e+09,"_wandb":{"runtime":130},"_runtime":130.6393092}