{"epoch":131,"_wandb":{"runtime":122},"train_loss":8.876854205245607,"val_loss":13.7926811647187,"learning_rate":0.000729,"_timestamp":1.7449501780689778e+09,"_runtime":122.3024859,"_step":131}