{"_timestamp":1.7441452171540835e+09,"_runtime":11.2620275,"_wandb":{"runtime":11},"_step":74,"epoch":74,"train_loss":16.12842264175415,"val_loss":20.998486709594726,"learning_rate":9.765625e-06}