{"_step":445,"epoch":445,"train_loss":1.4753695925076802,"_wandb":{"runtime":63},"val_loss":1.550029198328654,"learning_rate":6.103515625e-07,"_timestamp":1.744075852405904e+09,"_runtime":63.0864812}