{"learning_rate":1.220703125e-07,"_timestamp":1.7440719521092954e+09,"_runtime":46.0287003,"_step":309,"epoch":309,"train_loss":4.423374573389689,"_wandb":{"runtime":46},"val_loss":4.529827117919922}