{"train_loss":16.468377501200262,"val_loss":19.20823945953515,"learning_rate":0.005,"_timestamp":1.7452191839753685e+09,"_runtime":1496.9605085,"_step":2865,"_wandb":{"runtime":1500},"epoch":2865}