{"_wandb":{"runtime":166},"_step":110,"epoch":110,"train_loss":3.5428305149078367,"val_loss":8.94675696372986,"learning_rate":0.000729,"_timestamp":1.74490520361494e+09,"_runtime":166.9354212}