{"epoch":88,"train_loss":7.8907525778957535,"_wandb":{"runtime":392},"val_loss":17.060998414692126,"learning_rate":0.0008100000000000001,"_timestamp":1.7449092073707364e+09,"_runtime":392.7757329,"_step":88}