{"val_loss":12.992499923706054,"learning_rate":0.0008100000000000001,"_timestamp":1.7448764186618285e+09,"_runtime":14.4893725,"_step":81,"_wandb":{"runtime":14},"epoch":81,"train_loss":7.945602321624756}