{"_wandb":{"runtime":581},"_step":999,"epoch":999,"train_loss":1.8614663210782139,"val_loss":9.276420474622808,"learning_rate":0.00019076021223847313,"_timestamp":1.7451948130122578e+09,"_runtime":581.1471299}