{"_timestamp":1.7452009961492143e+09,"_wandb":{"runtime":2460},"_runtime":2460.5500971,"_step":999,"epoch":999,"train_loss":8.49449302819357,"val_loss":11.451285590395402,"learning_rate":0.001569052980450001}