{"val_loss":9.226422986984254,"learning_rate":0.000729,"_timestamp":1.7449048765669365e+09,"_runtime":290.7526616,"_step":189,"epoch":189,"_wandb":{"runtime":290},"train_loss":4.576806807518006}