{"_timestamp":1.7449037703676631e+09,"_runtime":17.6412301,"_step":65,"epoch":65,"train_loss":13.535654830932618,"val_loss":20.634521484375,"learning_rate":0.0008100000000000001,"_wandb":{"runtime":17}}