{"epoch":54,"train_loss":0.0196139228840669,"val_loss":0.019933894276618958,"learning_rate":1.5625e-05,"_timestamp":1.7440917880236897e+09,"_runtime":19.3944441,"_step":54,"_wandb":{"runtime":19}}