{"learning_rate":0.0008100000000000001,"_timestamp":1.7448764651353204e+09,"_runtime":20.0462862,"_step":116,"_wandb":{"runtime":20},"epoch":116,"train_loss":7.61710844039917,"val_loss":11.784593963623047}