{"learning_rate":0.00025,"_timestamp":1.7446743096134202e+09,"_runtime":33.4603515,"_wandb":{"runtime":33},"_step":72,"epoch":72,"train_loss":14.018112182617188,"val_loss":14.179020245869955}