{"train_loss":4.1966442465782166,"_wandb":{"runtime":22},"val_loss":4.1420315106709795,"learning_rate":0.001,"_timestamp":1.7446745993331363e+09,"_runtime":22.6754414,"_step":100,"epoch":100}