{"_runtime":298.2915907,"_step":884,"epoch":884,"_wandb":{"runtime":298},"train_loss":4.647199920490028,"val_loss":9.206955727207603,"learning_rate":0.00026167381651368053,"_timestamp":1.7451096721839337e+09}