{"val_loss":18.429706192016603,"_wandb":{"runtime":20},"learning_rate":3.90625e-06,"_timestamp":1.744093563530574e+09,"_runtime":20.9885542,"_step":60,"epoch":60,"train_loss":12.819704341888428}