{"_wandb":{"runtime":9},"learning_rate":0.00025,"_timestamp":1.7440934450797317e+09,"_runtime":9.5469016,"_step":23,"epoch":23,"train_loss":13.627735328674316,"val_loss":18.39273452758789}