{"_runtime":309.4263443,"_step":327,"epoch":327,"_wandb":{"runtime":309},"train_loss":2.290719195416099,"val_loss":11.26045352534244,"learning_rate":0.0003486784401,"_timestamp":1.7449511533521645e+09}