{"_wandb":{"runtime":45},"train_loss":2.478200356165568,"val_loss":2.7227909167607627,"learning_rate":9.765625e-07,"_timestamp":1.7440686522190773e+09,"_runtime":45.1724725,"_step":366,"epoch":366}