{"epoch":20,"train_loss":13.505798721313477,"val_loss":18.537007141113282,"_wandb":{"runtime":10},"learning_rate":0.00025,"_timestamp":1.7440930856005378e+09,"_runtime":10.1136867,"_step":20}