{"epoch":494,"_wandb":{"runtime":171},"train_loss":1.3825100859006245,"val_loss":1.536203384399414,"learning_rate":2.44140625e-07,"_timestamp":1.7440924602348585e+09,"_runtime":171.6910856,"_step":494}