{"val_loss":11.444477177122563,"learning_rate":0.0004782969,"_timestamp":1.744956540842923e+09,"_runtime":189.1774384,"_step":319,"_wandb":{"runtime":189},"epoch":319,"train_loss":7.43801893115614}