{"learning_rate":0.0006754258588364966,"_timestamp":1.7451932601207566e+09,"_runtime":334.3773746,"_step":999,"epoch":999,"_wandb":{"runtime":334},"train_loss":6.369790677248576,"val_loss":11.141081700484719}