{"_wandb":{"runtime":40},"learning_rate":0.005,"_timestamp":1.745221614565332e+09,"_runtime":29.0650672,"_step":38,"epoch":38,"train_loss":21.81302822605845,"val_loss":22.399829791493392}