{"_timestamp":1.744301932708129e+09,"_runtime":16.1199146,"_step":64,"epoch":64,"train_loss":20.762180900573732,"val_loss":20.301250457763672,"learning_rate":9.765625e-06,"_wandb":{"runtime":16}}