{"learning_rate":1.953125e-06,"_timestamp":1.7448701939928336e+09,"_runtime":80.1643006,"_step":75,"epoch":75,"train_loss":14.51917552947998,"_wandb":{"runtime":80},"val_loss":18.536377334594725}