{"val_loss":23.995369641974783,"learning_rate":0.001,"_timestamp":1.7449500040688374e+09,"_runtime":2.1570535,"_step":0,"epoch":0,"train_loss":72.69652216058029,"_wandb":{"runtime":51}}