{"_timestamp":1.744903873033666e+09,"_runtime":28.9097417,"_step":125,"epoch":125,"_wandb":{"runtime":28},"train_loss":6.032473754882813,"val_loss":10.459761047363282,"learning_rate":0.0008100000000000001}