{"_step":110,"epoch":110,"_wandb":{"runtime":165},"train_loss":7.074053257846376,"val_loss":12.884093207035338,"learning_rate":0.0008100000000000001,"_timestamp":1.7449087348671594e+09,"_runtime":165.5127165}