{"_step":76,"_wandb":{"runtime":76},"epoch":76,"train_loss":14.68594217300415,"val_loss":18.56412124633789,"learning_rate":9.765625e-07,"_timestamp":1.7448711812369514e+09,"_runtime":76.6725105}