{"_runtime":32.6423337,"_step":92,"_wandb":{"runtime":32},"epoch":92,"train_loss":8.341330215691379,"val_loss":14.579418757315457,"learning_rate":0.0008100000000000001,"_timestamp":1.7449507639705186e+09}