{"learning_rate":0.002657205000000001,"_timestamp":1.7452016048877532e+09,"_runtime":214.5407034,"_step":420,"_wandb":{"runtime":220},"epoch":420,"train_loss":17.8791318555768,"val_loss":19.711475609592274}