{"train_loss":4.6510137271881105,"val_loss":9.436440544128418,"learning_rate":0.000729,"_timestamp":1.7449042521264806e+09,"_runtime":362.2091667,"_step":178,"_wandb":{"runtime":362},"epoch":178}