{"_timestamp":1.7449544269722474e+09,"_runtime":26.0717944,"_step":32,"epoch":32,"_wandb":{"runtime":27},"train_loss":15.84063141197679,"val_loss":16.586511265147816,"learning_rate":0.001}