{"val_loss":7.8026592012797815,"learning_rate":0.0007504731764849962,"_timestamp":1.74510924721681e+09,"_runtime":316.7610311,"_step":999,"_wandb":{"runtime":316},"epoch":999,"train_loss":6.4648029382149}