{"train_loss":0.6169330428044001,"val_loss":0.637991706530253,"learning_rate":1.52587890625e-08,"_timestamp":1.7446737879916236e+09,"_runtime":89.187454,"_step":577,"_wandb":{"runtime":89},"epoch":577}