{"epoch":895,"train_loss":0.7110405415296555,"_wandb":{"runtime":192},"val_loss":0.766864538192749,"learning_rate":2.44140625e-07,"_timestamp":1.7452041722964237e+09,"_runtime":192.7116658,"_step":895}