{"_step":2613,"_wandb":{"runtime":1037},"epoch":2613,"train_loss":1.4124523692153859,"val_loss":11.555780579598897,"learning_rate":0.0005470949456575623,"_timestamp":1.7452226657295477e+09,"_runtime":1037.5107049}