{"_runtime":2070.0938335,"_step":4999,"_wandb":{"runtime":2070},"epoch":4999,"train_loss":0.061381749077989725,"val_loss":0.43085704636916017,"learning_rate":0.00011264199772469603,"_timestamp":1.7452763157629957e+09}