{"train_loss":5.077452226118608,"val_loss":11.326045054568057,"learning_rate":0.00031381059609000004,"_timestamp":1.7449562329062176e+09,"_runtime":200.8137916,"_step":412,"epoch":412,"_wandb":{"runtime":200}}