{"learning_rate":0.000729,"_wandb":{"runtime":188},"_timestamp":1.7449085167773168e+09,"_runtime":188.4998696,"_step":127,"epoch":127,"train_loss":5.432183591834394,"val_loss":12.744650477454776}