{"epoch":99,"train_loss":8.069350679715475,"val_loss":7.591406186421712,"learning_rate":0.0005,"_timestamp":1.7440684446566145e+09,"_runtime":13.6542113,"_wandb":{"runtime":13},"_step":99}