{"val_loss":11.714460754394532,"learning_rate":0.000729,"_timestamp":1.7449065559503322e+09,"_runtime":256.5001531,"_step":182,"_wandb":{"runtime":256},"epoch":182,"train_loss":3.3165449857711793}