{"learning_rate":0.0008100000000000001,"_timestamp":1.7449060135370429e+09,"_runtime":742.4777057,"_step":155,"epoch":155,"_wandb":{"runtime":742},"train_loss":5.602765855789184,"val_loss":11.081414031982423}