{"train_loss":13.522131538391113,"val_loss":17.705202865600587,"learning_rate":9.765625e-06,"_timestamp":1.7440936268433692e+09,"_wandb":{"runtime":24},"_runtime":24.1291996,"_step":71,"epoch":71}