{"learning_rate":0.0006561000000000001,"_timestamp":1.7448758607503343e+09,"_runtime":8.6091154,"_step":62,"_wandb":{"runtime":8},"epoch":62,"train_loss":12.33343048095703,"val_loss":18.48235626220703}