{"train_loss":7.835377216339111,"val_loss":12.185343170166016,"_wandb":{"runtime":13},"learning_rate":0.0006561000000000001,"_timestamp":1.7448762923821027e+09,"_runtime":13.1874329,"_step":71,"epoch":71}