{"val_loss":18.00553321838379,"learning_rate":0.0006561000000000001,"_timestamp":1.7448717767466125e+09,"_wandb":{"runtime":154},"_runtime":154.0375921,"_step":121,"epoch":121,"train_loss":12.442939853668213}