{"_step":64,"epoch":64,"train_loss":20.364628410339357,"val_loss":20.597128295898436,"learning_rate":1.953125e-05,"_wandb":{"runtime":26},"_timestamp":1.7441539267193804e+09,"_runtime":26.2096483}