{"_timestamp":1.7448751553513434e+09,"_runtime":16.4719263,"_step":67,"epoch":67,"train_loss":14.492557716369628,"val_loss":19.256807327270508,"_wandb":{"runtime":16},"learning_rate":0.0006561000000000001}