{"epoch":923,"train_loss":18.785533348339026,"val_loss":21.346106889715607,"_wandb":{"runtime":368},"learning_rate":0.003280500000000001,"_timestamp":1.7452215281892645e+09,"_runtime":366.5489923,"_step":923}