{"epoch":394,"train_loss":0.6579968879620234,"val_loss":0.7620308001836141,"learning_rate":9.765625e-07,"_timestamp":1.7446693124868767e+09,"_wandb":{"runtime":118},"_runtime":118.5499027,"_step":394}