{"learning_rate":0.000729,"_timestamp":1.7449567351585846e+09,"_runtime":132.6915999,"_step":162,"epoch":162,"train_loss":12.262551946503123,"_wandb":{"runtime":132},"val_loss":11.294134199334103}