{"_wandb":{"runtime":190},"_timestamp":1.7451082321582692e+09,"_runtime":190.3099812,"_step":775,"epoch":775,"train_loss":7.596543916674892,"val_loss":8.442251269326826,"learning_rate":0.00026167381651368053}