{"train_loss":19.955553436279295,"_wandb":{"runtime":19},"val_loss":21.65319709777832,"learning_rate":9.765625e-06,"_timestamp":1.7443038535708694e+09,"_runtime":19.3744494,"_step":68,"epoch":68}