{"_wandb":{"runtime":284},"train_loss":9.853499622436232,"val_loss":10.2258710724315,"learning_rate":0.0003486784401,"_timestamp":1.744956008486445e+09,"_runtime":284.463693,"_step":477,"epoch":477}